{
  "final_error_norm": 2.8470154311843743e-07,
  "hover_residual_norm": 4.440892098500626e-16,
  "hover_u": [
    0.1,
    0.1,
    0.1,
    0.1,
    3.1105666854059337,
    0.7897615404340785
  ],
  "min_error_norm": 2.8470154311843743e-07,
  "mode": "hover"
}